index_IDP,index,measure,acronym,hemi,description
25488-2.0,1,weighted_fa,AR,L,Weighted-mean FA in tract acoustic radiation (left)
25489-2.0,2,weighted_fa,AR,R,Weighted-mean FA in tract acoustic radiation (right)
25490-2.0,3,weighted_fa,ATR,L,Weighted-mean FA in tract anterior thalamic radiation (left)
25491-2.0,4,weighted_fa,ATR,R,Weighted-mean FA in tract anterior thalamic radiation (right)
25492-2.0,5,weighted_fa,CCG,L,Weighted-mean FA in tract cingulate gyrus part of cingulum (left)
25493-2.0,6,weighted_fa,CCG,R,Weighted-mean FA in tract cingulate gyrus part of cingulum (right)
25494-2.0,7,weighted_fa,PrCing,L,Weighted-mean FA in tract parahippocampal part of cingulum (left)
25495-2.0,8,weighted_fa,PrCing,R,Weighted-mean FA in tract parahippocampal part of cingulum (right)
25496-2.0,9,weighted_fa,CST,L,Weighted-mean FA in tract corticospinal tract (left)
25497-2.0,10,weighted_fa,CST,R,Weighted-mean FA in tract corticospinal tract (right)
25498-2.0,11,weighted_fa,FMaj,B,Weighted-mean FA in tract forceps major
25499-2.0,12,weighted_fa,FMin,B,Weighted-mean FA in tract forceps minor
25500-2.0,13,weighted_fa,IFOF,L,Weighted-mean FA in tract inferior fronto-occipital fasciculus (left)
25501-2.0,14,weighted_fa,IFOF,R,Weighted-mean FA in tract inferior fronto-occipital fasciculus (right)
25502-2.0,15,weighted_fa,ILF,L,Weighted-mean FA in tract inferior longitudinal fasciculus (left)
25503-2.0,16,weighted_fa,ILF,R,Weighted-mean FA in tract inferior longitudinal fasciculus (right)
25504-2.0,17,weighted_fa,MCP,B,Weighted-mean FA in tract middle cerebellar peduncle
25505-2.0,18,weighted_fa,ML,L,Weighted-mean FA in tract medial lemniscus (left)
25506-2.0,19,weighted_fa,ML,R,Weighted-mean FA in tract medial lemniscus (right)
25507-2.0,20,weighted_fa,PTR,L,Weighted-mean FA in tract posterior thalamic radiation (left)
25508-2.0,21,weighted_fa,PTR,R,Weighted-mean FA in tract posterior thalamic radiation (right)
25509-2.0,22,weighted_fa,SLF,L,Weighted-mean FA in tract superior longitudinal fasciculus (left)
25510-2.0,23,weighted_fa,SLF,R,Weighted-mean FA in tract superior longitudinal fasciculus (right)
25511-2.0,24,weighted_fa,STR,L,Weighted-mean FA in tract superior thalamic radiation (left)
25512-2.0,25,weighted_fa,STR,R,Weighted-mean FA in tract superior thalamic radiation (right)
25513-2.0,26,weighted_fa,UF,L,Weighted-mean FA in tract uncinate fasciculus (left)
25514-2.0,27,weighted_fa,UF,R,Weighted-mean FA in tract uncinate fasciculus (right)
25515-2.0,1,weighted_md,AR,L,Weighted-mean MD in tract acoustic radiation (left)
25516-2.0,2,weighted_md,AR,R,Weighted-mean MD in tract acoustic radiation (right)
25517-2.0,3,weighted_md,ATR,L,Weighted-mean MD in tract anterior thalamic radiation (left)
25518-2.0,4,weighted_md,ATR,R,Weighted-mean MD in tract anterior thalamic radiation (right)
25519-2.0,5,weighted_md,CCG,L,Weighted-mean MD in tract cingulate gyrus part of cingulum (left)
25520-2.0,6,weighted_md,CCG,R,Weighted-mean MD in tract cingulate gyrus part of cingulum (right)
25521-2.0,7,weighted_md,PrCing,L,Weighted-mean MD in tract parahippocampal part of cingulum (left)
25522-2.0,8,weighted_md,PrCing,R,Weighted-mean MD in tract parahippocampal part of cingulum (right)
25523-2.0,9,weighted_md,CST,L,Weighted-mean MD in tract corticospinal tract (left)
25524-2.0,10,weighted_md,CST,R,Weighted-mean MD in tract corticospinal tract (right)
25525-2.0,11,weighted_md,FMaj,B,Weighted-mean MD in tract forceps major
25526-2.0,12,weighted_md,FMin,B,Weighted-mean MD in tract forceps minor
25527-2.0,13,weighted_md,IFOF,L,Weighted-mean MD in tract inferior fronto-occipital fasciculus (left)
25528-2.0,14,weighted_md,IFOF,R,Weighted-mean MD in tract inferior fronto-occipital fasciculus (right)
25529-2.0,15,weighted_md,ILF,L,Weighted-mean MD in tract inferior longitudinal fasciculus (left)
25530-2.0,16,weighted_md,ILF,R,Weighted-mean MD in tract inferior longitudinal fasciculus (right)
25531-2.0,17,weighted_md,MCP,B,Weighted-mean MD in tract middle cerebellar peduncle
25532-2.0,18,weighted_md,ML,L,Weighted-mean MD in tract medial lemniscus (left)
25533-2.0,19,weighted_md,ML,R,Weighted-mean MD in tract medial lemniscus (right)
25534-2.0,20,weighted_md,PTR,L,Weighted-mean MD in tract posterior thalamic radiation (left)
25535-2.0,21,weighted_md,PTR,R,Weighted-mean MD in tract posterior thalamic radiation (right)
25536-2.0,22,weighted_md,SLF,L,Weighted-mean MD in tract superior longitudinal fasciculus (left)
25537-2.0,23,weighted_md,SLF,R,Weighted-mean MD in tract superior longitudinal fasciculus (right)
25538-2.0,24,weighted_md,STR,L,Weighted-mean MD in tract superior thalamic radiation (left)
25539-2.0,25,weighted_md,STR,R,Weighted-mean MD in tract superior thalamic radiation (right)
25540-2.0,26,weighted_md,UF,L,Weighted-mean MD in tract uncinate fasciculus (left)
25541-2.0,27,weighted_md,UF,R,Weighted-mean MD in tract uncinate fasciculus (right)
25542-2.0,1,weighted_mo,AR,L,Weighted-mean MO in tract acoustic radiation (left)
25543-2.0,2,weighted_mo,AR,R,Weighted-mean MO in tract acoustic radiation (right)
25544-2.0,3,weighted_mo,ATR,L,Weighted-mean MO in tract anterior thalamic radiation (left)
25545-2.0,4,weighted_mo,ATR,R,Weighted-mean MO in tract anterior thalamic radiation (right)
25546-2.0,5,weighted_mo,CCG,L,Weighted-mean MO in tract cingulate gyrus part of cingulum (left)
25547-2.0,6,weighted_mo,CCG,R,Weighted-mean MO in tract cingulate gyrus part of cingulum (right)
25548-2.0,7,weighted_mo,PrCing,L,Weighted-mean MO in tract parahippocampal part of cingulum (left)
25549-2.0,8,weighted_mo,PrCing,R,Weighted-mean MO in tract parahippocampal part of cingulum (right)
25550-2.0,9,weighted_mo,CST,L,Weighted-mean MO in tract corticospinal tract (left)
25551-2.0,10,weighted_mo,CST,R,Weighted-mean MO in tract corticospinal tract (right)
25552-2.0,11,weighted_mo,FMaj,B,Weighted-mean MO in tract forceps major
25553-2.0,12,weighted_mo,FMin,B,Weighted-mean MO in tract forceps minor
25554-2.0,13,weighted_mo,IFOF,L,Weighted-mean MO in tract inferior fronto-occipital fasciculus (left)
25555-2.0,14,weighted_mo,IFOF,R,Weighted-mean MO in tract inferior fronto-occipital fasciculus (right)
25556-2.0,15,weighted_mo,ILF,L,Weighted-mean MO in tract inferior longitudinal fasciculus (left)
25557-2.0,16,weighted_mo,ILF,R,Weighted-mean MO in tract inferior longitudinal fasciculus (right)
25558-2.0,17,weighted_mo,MCP,B,Weighted-mean MO in tract middle cerebellar peduncle
25559-2.0,18,weighted_mo,ML,L,Weighted-mean MO in tract medial lemniscus (left)
25560-2.0,19,weighted_mo,ML,R,Weighted-mean MO in tract medial lemniscus (right)
25561-2.0,20,weighted_mo,PTR,L,Weighted-mean MO in tract posterior thalamic radiation (left)
25562-2.0,21,weighted_mo,PTR,R,Weighted-mean MO in tract posterior thalamic radiation (right)
25563-2.0,22,weighted_mo,SLF,L,Weighted-mean MO in tract superior longitudinal fasciculus (left)
25564-2.0,23,weighted_mo,SLF,R,Weighted-mean MO in tract superior longitudinal fasciculus (right)
25565-2.0,24,weighted_mo,STR,L,Weighted-mean MO in tract superior thalamic radiation (left)
25566-2.0,25,weighted_mo,STR,R,Weighted-mean MO in tract superior thalamic radiation (right)
25567-2.0,26,weighted_mo,UF,L,Weighted-mean MO in tract uncinate fasciculus (left)
25568-2.0,27,weighted_mo,UF,R,Weighted-mean MO in tract uncinate fasciculus (right)
25650-2.0,1,weighted_icvf,AR,L,Weighted-mean ICVF in tract acoustic radiation (left)
25651-2.0,2,weighted_icvf,AR,R,Weighted-mean ICVF in tract acoustic radiation (right)
25652-2.0,3,weighted_icvf,ATR,L,Weighted-mean ICVF in tract anterior thalamic radiation (left)
25653-2.0,4,weighted_icvf,ATR,R,Weighted-mean ICVF in tract anterior thalamic radiation (right)
25654-2.0,5,weighted_icvf,CCG,L,Weighted-mean ICVF in tract cingulate gyrus part of cingulum (left)
25655-2.0,6,weighted_icvf,CCG,R,Weighted-mean ICVF in tract cingulate gyrus part of cingulum (right)
25656-2.0,7,weighted_icvf,PrCing,L,Weighted-mean ICVF in tract parahippocampal part of cingulum (left)
25657-2.0,8,weighted_icvf,PrCing,R,Weighted-mean ICVF in tract parahippocampal part of cingulum (right)
25658-2.0,9,weighted_icvf,CST,L,Weighted-mean ICVF in tract corticospinal tract (left)
25659-2.0,10,weighted_icvf,CST,R,Weighted-mean ICVF in tract corticospinal tract (right)
25660-2.0,11,weighted_icvf,FMaj,B,Weighted-mean ICVF in tract forceps major
25661-2.0,12,weighted_icvf,FMin,B,Weighted-mean ICVF in tract forceps minor
25662-2.0,13,weighted_icvf,IFOF,L,Weighted-mean ICVF in tract inferior fronto-occipital fasciculus (left)
25663-2.0,14,weighted_icvf,IFOF,R,Weighted-mean ICVF in tract inferior fronto-occipital fasciculus (right)
25664-2.0,15,weighted_icvf,ILF,L,Weighted-mean ICVF in tract inferior longitudinal fasciculus (left)
25665-2.0,16,weighted_icvf,ILF,R,Weighted-mean ICVF in tract inferior longitudinal fasciculus (right)
25666-2.0,17,weighted_icvf,MCP,B,Weighted-mean ICVF in tract middle cerebellar peduncle
25667-2.0,18,weighted_icvf,ML,L,Weighted-mean ICVF in tract medial lemniscus (left)
25668-2.0,19,weighted_icvf,ML,R,Weighted-mean ICVF in tract medial lemniscus (right)
25669-2.0,20,weighted_icvf,PTR,L,Weighted-mean ICVF in tract posterior thalamic radiation (left)
25670-2.0,21,weighted_icvf,PTR,R,Weighted-mean ICVF in tract posterior thalamic radiation (right)
25671-2.0,22,weighted_icvf,SLF,L,Weighted-mean ICVF in tract superior longitudinal fasciculus (left)
25672-2.0,23,weighted_icvf,SLF,R,Weighted-mean ICVF in tract superior longitudinal fasciculus (right)
25673-2.0,24,weighted_icvf,STR,L,Weighted-mean ICVF in tract superior thalamic radiation (left)
25674-2.0,25,weighted_icvf,STR,R,Weighted-mean ICVF in tract superior thalamic radiation (right)
25675-2.0,26,weighted_icvf,UF,L,Weighted-mean ICVF in tract uncinate fasciculus (left)
25676-2.0,27,weighted_icvf,UF,R,Weighted-mean ICVF in tract uncinate fasciculus (right)
25677-2.0,1,weighted_od,AR,L,Weighted-mean OD in tract acoustic radiation (left)
25678-2.0,2,weighted_od,AR,R,Weighted-mean OD in tract acoustic radiation (right)
25679-2.0,3,weighted_od,ATR,L,Weighted-mean OD in tract anterior thalamic radiation (left)
25680-2.0,4,weighted_od,ATR,R,Weighted-mean OD in tract anterior thalamic radiation (right)
25681-2.0,5,weighted_od,CCG,L,Weighted-mean OD in tract cingulate gyrus part of cingulum (left)
25682-2.0,6,weighted_od,CCG,R,Weighted-mean OD in tract cingulate gyrus part of cingulum (right)
25683-2.0,7,weighted_od,PrCing,L,Weighted-mean OD in tract parahippocampal part of cingulum (left)
25684-2.0,8,weighted_od,PrCing,R,Weighted-mean OD in tract parahippocampal part of cingulum (right)
25685-2.0,9,weighted_od,CST,L,Weighted-mean OD in tract corticospinal tract (left)
25686-2.0,10,weighted_od,CST,R,Weighted-mean OD in tract corticospinal tract (right)
25687-2.0,11,weighted_od,FMaj,B,Weighted-mean OD in tract forceps major
25688-2.0,12,weighted_od,FMin,B,Weighted-mean OD in tract forceps minor
25689-2.0,13,weighted_od,IFOF,L,Weighted-mean OD in tract inferior fronto-occipital fasciculus (left)
25690-2.0,14,weighted_od,IFOF,R,Weighted-mean OD in tract inferior fronto-occipital fasciculus (right)
25691-2.0,15,weighted_od,ILF,L,Weighted-mean OD in tract inferior longitudinal fasciculus (left)
25692-2.0,16,weighted_od,ILF,R,Weighted-mean OD in tract inferior longitudinal fasciculus (right)
25693-2.0,17,weighted_od,MCP,B,Weighted-mean OD in tract middle cerebellar peduncle
25694-2.0,18,weighted_od,ML,L,Weighted-mean OD in tract medial lemniscus (left)
25695-2.0,19,weighted_od,ML,R,Weighted-mean OD in tract medial lemniscus (right)
25696-2.0,20,weighted_od,PTR,L,Weighted-mean OD in tract posterior thalamic radiation (left)
25697-2.0,21,weighted_od,PTR,R,Weighted-mean OD in tract posterior thalamic radiation (right)
25698-2.0,22,weighted_od,SLF,L,Weighted-mean OD in tract superior longitudinal fasciculus (left)
25699-2.0,23,weighted_od,SLF,R,Weighted-mean OD in tract superior longitudinal fasciculus (right)
25700-2.0,24,weighted_od,STR,L,Weighted-mean OD in tract superior thalamic radiation (left)
25701-2.0,25,weighted_od,STR,R,Weighted-mean OD in tract superior thalamic radiation (right)
25702-2.0,26,weighted_od,UF,L,Weighted-mean OD in tract uncinate fasciculus (left)
25703-2.0,27,weighted_od,UF,R,Weighted-mean OD in tract uncinate fasciculus (right)
25704-2.0,1,weighted_isovf,AR,L,Weighted-mean ISOVF in tract acoustic radiation (left)
25705-2.0,2,weighted_isovf,AR,R,Weighted-mean ISOVF in tract acoustic radiation (right)
25706-2.0,3,weighted_isovf,ATR,L,Weighted-mean ISOVF in tract anterior thalamic radiation (left)
25707-2.0,4,weighted_isovf,ATR,R,Weighted-mean ISOVF in tract anterior thalamic radiation (right)
25708-2.0,5,weighted_isovf,CCG,L,Weighted-mean ISOVF in tract cingulate gyrus part of cingulum (left)
25709-2.0,6,weighted_isovf,CCG,R,Weighted-mean ISOVF in tract cingulate gyrus part of cingulum (right)
25710-2.0,7,weighted_isovf,PrCing,L,Weighted-mean ISOVF in tract parahippocampal part of cingulum (left)
25711-2.0,8,weighted_isovf,PrCing,R,Weighted-mean ISOVF in tract parahippocampal part of cingulum (right)
25712-2.0,9,weighted_isovf,CST,L,Weighted-mean ISOVF in tract corticospinal tract (left)
25713-2.0,10,weighted_isovf,CST,R,Weighted-mean ISOVF in tract corticospinal tract (right)
25714-2.0,11,weighted_isovf,FMaj,B,Weighted-mean ISOVF in tract forceps major
25715-2.0,12,weighted_isovf,FMin,B,Weighted-mean ISOVF in tract forceps minor
25716-2.0,13,weighted_isovf,IFOF,L,Weighted-mean ISOVF in tract inferior fronto-occipital fasciculus (left)
25717-2.0,14,weighted_isovf,IFOF,R,Weighted-mean ISOVF in tract inferior fronto-occipital fasciculus (right)
25718-2.0,15,weighted_isovf,ILF,L,Weighted-mean ISOVF in tract inferior longitudinal fasciculus (left)
25719-2.0,16,weighted_isovf,ILF,R,Weighted-mean ISOVF in tract inferior longitudinal fasciculus (right)
25720-2.0,17,weighted_isovf,MCP,B,Weighted-mean ISOVF in tract middle cerebellar peduncle
25721-2.0,18,weighted_isovf,ML,L,Weighted-mean ISOVF in tract medial lemniscus (left)
25722-2.0,19,weighted_isovf,ML,R,Weighted-mean ISOVF in tract medial lemniscus (right)
25723-2.0,20,weighted_isovf,PTR,L,Weighted-mean ISOVF in tract posterior thalamic radiation (left)
25724-2.0,21,weighted_isovf,PTR,R,Weighted-mean ISOVF in tract posterior thalamic radiation (right)
25725-2.0,22,weighted_isovf,SLF,L,Weighted-mean ISOVF in tract superior longitudinal fasciculus (left)
25726-2.0,23,weighted_isovf,SLF,R,Weighted-mean ISOVF in tract superior longitudinal fasciculus (right)
25727-2.0,24,weighted_isovf,STR,L,Weighted-mean ISOVF in tract superior thalamic radiation (left)
25728-2.0,25,weighted_isovf,STR,R,Weighted-mean ISOVF in tract superior thalamic radiation (right)
25729-2.0,26,weighted_isovf,UF,L,Weighted-mean ISOVF in tract uncinate fasciculus (left)
25730-2.0,27,weighted_isovf,UF,R,Weighted-mean ISOVF in tract uncinate fasciculus (right)
25056-2.0,1,mean_fa,MCP,B,Mean FA in middle cerebellar peduncle on FA skeleton
25057-2.0,2,mean_fa,PCT,B,Mean FA in pontine crossing tract on FA skeleton
25058-2.0,3,mean_fa,CCgenu,B,Mean FA in genu of corpus callosum on FA skeleton
25059-2.0,4,mean_fa,CCbody,B,Mean FA in body of corpus callosum on FA skeleton
25060-2.0,5,mean_fa,CCspl,B,Mean FA in splenium of corpus callosum on FA skeleton
25061-2.0,6,mean_fa,Fornix,B,Mean FA in fornix on FA skeleton
25062-2.0,7,mean_fa,CST,R,Mean FA in corticospinal tract on FA skeleton (right)
25063-2.0,8,mean_fa,CST,L,Mean FA in corticospinal tract on FA skeleton (left)
25064-2.0,9,mean_fa,ML,R,Mean FA in medial lemniscus on FA skeleton (right)
25065-2.0,10,mean_fa,ML,L,Mean FA in medial lemniscus on FA skeleton (left)
25066-2.0,11,mean_fa,ICP,R,Mean FA in inferior cerebellar peduncle on FA skeleton (right)
25067-2.0,12,mean_fa,ICP,L,Mean FA in inferior cerebellar peduncle on FA skeleton (left)
25068-2.0,13,mean_fa,SCP,R,Mean FA in superior cerebellar peduncle on FA skeleton (right)
25069-2.0,14,mean_fa,SCP,L,Mean FA in superior cerebellar peduncle on FA skeleton (left)
25070-2.0,15,mean_fa,CP,R,Mean FA in cerebral peduncle on FA skeleton (right)
25071-2.0,16,mean_fa,CP,L,Mean FA in cerebral peduncle on FA skeleton (left)
25072-2.0,17,mean_fa,ICant,R,Mean FA in anterior limb of internal capsule on FA skeleton (right)
25073-2.0,18,mean_fa,ICant,L,Mean FA in anterior limb of internal capsule on FA skeleton (left)
25074-2.0,19,mean_fa,ICpos,R,Mean FA in posterior limb of internal capsule on FA skeleton (right)
25075-2.0,20,mean_fa,ICpos,L,Mean FA in posterior limb of internal capsule on FA skeleton (left)
25076-2.0,21,mean_fa,ICretr,R,Mean FA in retrolenticular part of internal capsule on FA skeleton (right)
25077-2.0,22,mean_fa,ICretr,L,Mean FA in retrolenticular part of internal capsule on FA skeleton (left)
25078-2.0,23,mean_fa,ACR,R,Mean FA in anterior corona radiata on FA skeleton (right)
25079-2.0,24,mean_fa,ACR,L,Mean FA in anterior corona radiata on FA skeleton (left)
25080-2.0,25,mean_fa,SCR,R,Mean FA in superior corona radiata on FA skeleton (right)
25081-2.0,26,mean_fa,SCR,L,Mean FA in superior corona radiata on FA skeleton (left)
25082-2.0,27,mean_fa,PCR,R,Mean FA in posterior corona radiata on FA skeleton (right)
25083-2.0,28,mean_fa,PCR,L,Mean FA in posterior corona radiata on FA skeleton (left)
25084-2.0,29,mean_fa,PTR,R,Mean FA in posterior thalamic radiation on FA skeleton (right)
25085-2.0,30,mean_fa,PTR,L,Mean FA in posterior thalamic radiation on FA skeleton (left)
25086-2.0,31,mean_fa,SS,R,Mean FA in sagittal stratum on FA skeleton (right)
25087-2.0,32,mean_fa,SS,L,Mean FA in sagittal stratum on FA skeleton (left)
25088-2.0,33,mean_fa,EC,R,Mean FA in external capsule on FA skeleton (right)
25089-2.0,34,mean_fa,EC,L,Mean FA in external capsule on FA skeleton (left)
25090-2.0,35,mean_fa,CCG,R,Mean FA in cingulum cingulate gyrus on FA skeleton (right)
25091-2.0,36,mean_fa,CCG,L,Mean FA in cingulum cingulate gyrus on FA skeleton (left)
25092-2.0,37,mean_fa,CH,R,Mean FA in cingulum hippocampus on FA skeleton (right)
25093-2.0,38,mean_fa,CH,L,Mean FA in cingulum hippocampus on FA skeleton (left)
25094-2.0,39,mean_fa,FCST,R,Mean FA in fornix cres+stria terminalis on FA skeleton (right)
25095-2.0,40,mean_fa,FCST,L,Mean FA in fornix cres+stria terminalis on FA skeleton (left)
25096-2.0,41,mean_fa,SLF,R,Mean FA in superior longitudinal fasciculus on FA skeleton (right)
25097-2.0,42,mean_fa,SLF,L,Mean FA in superior longitudinal fasciculus on FA skeleton (left)
25098-2.0,43,mean_fa,SFOF,R,Mean FA in superior fronto-occipital fasciculus on FA skeleton (right)
25099-2.0,44,mean_fa,SFOF,L,Mean FA in superior fronto-occipital fasciculus on FA skeleton (left)
25100-2.0,45,mean_fa,UF,R,Mean FA in uncinate fasciculus on FA skeleton (right)
25101-2.0,46,mean_fa,UF,L,Mean FA in uncinate fasciculus on FA skeleton (left)
25102-2.0,47,mean_fa,tapetum,R,Mean FA in tapetum on FA skeleton (right)
25103-2.0,48,mean_fa,tapetum,L,Mean FA in tapetum on FA skeleton (left)
25104-2.0,1,mean_md,MCP,B,Mean MD in middle cerebellar peduncle on FA skeleton
25105-2.0,2,mean_md,PCT,B,Mean MD in pontine crossing tract on FA skeleton
25106-2.0,3,mean_md,CCgenu,B,Mean MD in genu of corpus callosum on FA skeleton
25107-2.0,4,mean_md,CCbody,B,Mean MD in body of corpus callosum on FA skeleton
25108-2.0,5,mean_md,CCspl,B,Mean MD in splenium of corpus callosum on FA skeleton
25109-2.0,6,mean_md,Fornix,B,Mean MD in fornix on FA skeleton
25110-2.0,7,mean_md,CST,R,Mean MD in corticospinal tract on FA skeleton (right)
25111-2.0,8,mean_md,CST,L,Mean MD in corticospinal tract on FA skeleton (left)
25112-2.0,9,mean_md,ML,R,Mean MD in medial lemniscus on FA skeleton (right)
25113-2.0,10,mean_md,ML,L,Mean MD in medial lemniscus on FA skeleton (left)
25114-2.0,11,mean_md,ICP,R,Mean MD in inferior cerebellar peduncle on FA skeleton (right)
25115-2.0,12,mean_md,ICP,L,Mean MD in inferior cerebellar peduncle on FA skeleton (left)
25116-2.0,13,mean_md,SCP,R,Mean MD in superior cerebellar peduncle on FA skeleton (right)
25117-2.0,14,mean_md,SCP,L,Mean MD in superior cerebellar peduncle on FA skeleton (left)
25118-2.0,15,mean_md,CP,R,Mean MD in cerebral peduncle on FA skeleton (right)
25119-2.0,16,mean_md,CP,L,Mean MD in cerebral peduncle on FA skeleton (left)
25120-2.0,17,mean_md,ICant,R,Mean MD in anterior limb of internal capsule on FA skeleton (right)
25121-2.0,18,mean_md,ICant,L,Mean MD in anterior limb of internal capsule on FA skeleton (left)
25122-2.0,19,mean_md,ICpos,R,Mean MD in posterior limb of internal capsule on FA skeleton (right)
25123-2.0,20,mean_md,ICpos,L,Mean MD in posterior limb of internal capsule on FA skeleton (left)
25124-2.0,21,mean_md,ICretr,R,Mean MD in retrolenticular part of internal capsule on FA skeleton (right)
25125-2.0,22,mean_md,ICretr,L,Mean MD in retrolenticular part of internal capsule on FA skeleton (left)
25126-2.0,23,mean_md,ACR,R,Mean MD in anterior corona radiata on FA skeleton (right)
25127-2.0,24,mean_md,ACR,L,Mean MD in anterior corona radiata on FA skeleton (left)
25128-2.0,25,mean_md,SCR,R,Mean MD in superior corona radiata on FA skeleton (right)
25129-2.0,26,mean_md,SCR,L,Mean MD in superior corona radiata on FA skeleton (left)
25130-2.0,27,mean_md,PCR,R,Mean MD in posterior corona radiata on FA skeleton (right)
25131-2.0,28,mean_md,PCR,L,Mean MD in posterior corona radiata on FA skeleton (left)
25132-2.0,29,mean_md,PTR,R,Mean MD in posterior thalamic radiation on FA skeleton (right)
25133-2.0,30,mean_md,PTR,L,Mean MD in posterior thalamic radiation on FA skeleton (left)
25134-2.0,31,mean_md,SS,R,Mean MD in sagittal stratum on FA skeleton (right)
25135-2.0,32,mean_md,SS,L,Mean MD in sagittal stratum on FA skeleton (left)
25136-2.0,33,mean_md,EC,R,Mean MD in external capsule on FA skeleton (right)
25137-2.0,34,mean_md,EC,L,Mean MD in external capsule on FA skeleton (left)
25138-2.0,35,mean_md,CCG,R,Mean MD in cingulum cingulate gyrus on FA skeleton (right)
25139-2.0,36,mean_md,CCG,L,Mean MD in cingulum cingulate gyrus on FA skeleton (left)
25140-2.0,37,mean_md,CH,R,Mean MD in cingulum hippocampus on FA skeleton (right)
25141-2.0,38,mean_md,CH,L,Mean MD in cingulum hippocampus on FA skeleton (left)
25142-2.0,39,mean_md,FCST,R,Mean MD in fornix cres+stria terminalis on FA skeleton (right)
25143-2.0,40,mean_md,FCST,L,Mean MD in fornix cres+stria terminalis on FA skeleton (left)
25144-2.0,41,mean_md,SLF,R,Mean MD in superior longitudinal fasciculus on FA skeleton (right)
25145-2.0,42,mean_md,SLF,L,Mean MD in superior longitudinal fasciculus on FA skeleton (left)
25146-2.0,43,mean_md,SFOF,R,Mean MD in superior fronto-occipital fasciculus on FA skeleton (right)
25147-2.0,44,mean_md,SFOF,L,Mean MD in superior fronto-occipital fasciculus on FA skeleton (left)
25148-2.0,45,mean_md,UF,R,Mean MD in uncinate fasciculus on FA skeleton (right)
25149-2.0,46,mean_md,UF,L,Mean MD in uncinate fasciculus on FA skeleton (left)
25150-2.0,47,mean_md,tapetum,R,Mean MD in tapetum on FA skeleton (right)
25151-2.0,48,mean_md,tapetum,L,Mean MD in tapetum on FA skeleton (left)
25152-2.0,1,mean_mo,MCP,B,Mean MO in middle cerebellar peduncle on FA skeleton
25153-2.0,2,mean_mo,PCT,B,Mean MO in pontine crossing tract on FA skeleton
25154-2.0,3,mean_mo,CCgenu,B,Mean MO in genu of corpus callosum on FA skeleton
25155-2.0,4,mean_mo,CCbody,B,Mean MO in body of corpus callosum on FA skeleton
25156-2.0,5,mean_mo,CCspl,B,Mean MO in splenium of corpus callosum on FA skeleton
25157-2.0,6,mean_mo,Fornix,B,Mean MO in fornix on FA skeleton
25158-2.0,7,mean_mo,CST,R,Mean MO in corticospinal tract on FA skeleton (right)
25159-2.0,8,mean_mo,CST,L,Mean MO in corticospinal tract on FA skeleton (left)
25160-2.0,9,mean_mo,ML,R,Mean MO in medial lemniscus on FA skeleton (right)
25161-2.0,10,mean_mo,ML,L,Mean MO in medial lemniscus on FA skeleton (left)
25162-2.0,11,mean_mo,ICP,R,Mean MO in inferior cerebellar peduncle on FA skeleton (right)
25163-2.0,12,mean_mo,ICP,L,Mean MO in inferior cerebellar peduncle on FA skeleton (left)
25164-2.0,13,mean_mo,SCP,R,Mean MO in superior cerebellar peduncle on FA skeleton (right)
25165-2.0,14,mean_mo,SCP,L,Mean MO in superior cerebellar peduncle on FA skeleton (left)
25166-2.0,15,mean_mo,CP,R,Mean MO in cerebral peduncle on FA skeleton (right)
25167-2.0,16,mean_mo,CP,L,Mean MO in cerebral peduncle on FA skeleton (left)
25168-2.0,17,mean_mo,ICant,R,Mean MO in anterior limb of internal capsule on FA skeleton (right)
25169-2.0,18,mean_mo,ICant,L,Mean MO in anterior limb of internal capsule on FA skeleton (left)
25170-2.0,19,mean_mo,ICpos,R,Mean MO in posterior limb of internal capsule on FA skeleton (right)
25171-2.0,20,mean_mo,ICpos,L,Mean MO in posterior limb of internal capsule on FA skeleton (left)
25172-2.0,21,mean_mo,ICretr,R,Mean MO in retrolenticular part of internal capsule on FA skeleton (right)
25173-2.0,22,mean_mo,ICretr,L,Mean MO in retrolenticular part of internal capsule on FA skeleton (left)
25174-2.0,23,mean_mo,ACR,R,Mean MO in anterior corona radiata on FA skeleton (right)
25175-2.0,24,mean_mo,ACR,L,Mean MO in anterior corona radiata on FA skeleton (left)
25176-2.0,25,mean_mo,SCR,R,Mean MO in superior corona radiata on FA skeleton (right)
25177-2.0,26,mean_mo,SCR,L,Mean MO in superior corona radiata on FA skeleton (left)
25178-2.0,27,mean_mo,PCR,R,Mean MO in posterior corona radiata on FA skeleton (right)
25179-2.0,28,mean_mo,PCR,L,Mean MO in posterior corona radiata on FA skeleton (left)
25180-2.0,29,mean_mo,PTR,R,Mean MO in posterior thalamic radiation on FA skeleton (right)
25181-2.0,30,mean_mo,PTR,L,Mean MO in posterior thalamic radiation on FA skeleton (left)
25182-2.0,31,mean_mo,SS,R,Mean MO in sagittal stratum on FA skeleton (right)
25183-2.0,32,mean_mo,SS,L,Mean MO in sagittal stratum on FA skeleton (left)
25184-2.0,33,mean_mo,EC,R,Mean MO in external capsule on FA skeleton (right)
25185-2.0,34,mean_mo,EC,L,Mean MO in external capsule on FA skeleton (left)
25186-2.0,35,mean_mo,CCG,R,Mean MO in cingulum cingulate gyrus on FA skeleton (right)
25187-2.0,36,mean_mo,CCG,L,Mean MO in cingulum cingulate gyrus on FA skeleton (left)
25188-2.0,37,mean_mo,CH,R,Mean MO in cingulum hippocampus on FA skeleton (right)
25189-2.0,38,mean_mo,CH,L,Mean MO in cingulum hippocampus on FA skeleton (left)
25190-2.0,39,mean_mo,FCST,R,Mean MO in fornix cres+stria terminalis on FA skeleton (right)
25191-2.0,40,mean_mo,FCST,L,Mean MO in fornix cres+stria terminalis on FA skeleton (left)
25192-2.0,41,mean_mo,SLF,R,Mean MO in superior longitudinal fasciculus on FA skeleton (right)
25193-2.0,42,mean_mo,SLF,L,Mean MO in superior longitudinal fasciculus on FA skeleton (left)
25194-2.0,43,mean_mo,SFOF,R,Mean MO in superior fronto-occipital fasciculus on FA skeleton (right)
25195-2.0,44,mean_mo,SFOF,L,Mean MO in superior fronto-occipital fasciculus on FA skeleton (left)
25196-2.0,45,mean_mo,UF,R,Mean MO in uncinate fasciculus on FA skeleton (right)
25197-2.0,46,mean_mo,UF,L,Mean MO in uncinate fasciculus on FA skeleton (left)
25198-2.0,47,mean_mo,tapetum,R,Mean MO in tapetum on FA skeleton (right)
25199-2.0,48,mean_mo,tapetum,L,Mean MO in tapetum on FA skeleton (left)
25344-2.0,1,mean_icvf,MCP,B,Mean ICVF in middle cerebellar peduncle on FA skeleton
25345-2.0,2,mean_icvf,PCT,B,Mean ICVF in pontine crossing tract on FA skeleton
25346-2.0,3,mean_icvf,CCgenu,B,Mean ICVF in genu of corpus callosum on FA skeleton
25347-2.0,4,mean_icvf,CCbody,B,Mean ICVF in body of corpus callosum on FA skeleton
25348-2.0,5,mean_icvf,CCspl,B,Mean ICVF in splenium of corpus callosum on FA skeleton
25349-2.0,6,mean_icvf,Fornix,B,Mean ICVF in fornix on FA skeleton
25350-2.0,7,mean_icvf,CST,R,Mean ICVF in corticospinal tract on FA skeleton (right)
25351-2.0,8,mean_icvf,CST,L,Mean ICVF in corticospinal tract on FA skeleton (left)
25352-2.0,9,mean_icvf,ML,R,Mean ICVF in medial lemniscus on FA skeleton (right)
25353-2.0,10,mean_icvf,ML,L,Mean ICVF in medial lemniscus on FA skeleton (left)
25354-2.0,11,mean_icvf,ICP,R,Mean ICVF in inferior cerebellar peduncle on FA skeleton (right)
25355-2.0,12,mean_icvf,ICP,L,Mean ICVF in inferior cerebellar peduncle on FA skeleton (left)
25356-2.0,13,mean_icvf,SCP,R,Mean ICVF in superior cerebellar peduncle on FA skeleton (right)
25357-2.0,14,mean_icvf,SCP,L,Mean ICVF in superior cerebellar peduncle on FA skeleton (left)
25358-2.0,15,mean_icvf,CP,R,Mean ICVF in cerebral peduncle on FA skeleton (right)
25359-2.0,16,mean_icvf,CP,L,Mean ICVF in cerebral peduncle on FA skeleton (left)
25360-2.0,17,mean_icvf,ICant,R,Mean ICVF in anterior limb of internal capsule on FA skeleton (right)
25361-2.0,18,mean_icvf,ICant,L,Mean ICVF in anterior limb of internal capsule on FA skeleton (left)
25362-2.0,19,mean_icvf,ICpos,R,Mean ICVF in posterior limb of internal capsule on FA skeleton (right)
25363-2.0,20,mean_icvf,ICpos,L,Mean ICVF in posterior limb of internal capsule on FA skeleton (left)
25364-2.0,21,mean_icvf,ICretr,R,Mean ICVF in retrolenticular part of internal capsule on FA skeleton (right)
25365-2.0,22,mean_icvf,ICretr,L,Mean ICVF in retrolenticular part of internal capsule on FA skeleton (left)
25366-2.0,23,mean_icvf,ACR,R,Mean ICVF in anterior corona radiata on FA skeleton (right)
25367-2.0,24,mean_icvf,ACR,L,Mean ICVF in anterior corona radiata on FA skeleton (left)
25368-2.0,25,mean_icvf,SCR,R,Mean ICVF in superior corona radiata on FA skeleton (right)
25369-2.0,26,mean_icvf,SCR,L,Mean ICVF in superior corona radiata on FA skeleton (left)
25370-2.0,27,mean_icvf,PCR,R,Mean ICVF in posterior corona radiata on FA skeleton (right)
25371-2.0,28,mean_icvf,PCR,L,Mean ICVF in posterior corona radiata on FA skeleton (left)
25372-2.0,29,mean_icvf,PTR,R,Mean ICVF in posterior thalamic radiation on FA skeleton (right)
25373-2.0,30,mean_icvf,PTR,L,Mean ICVF in posterior thalamic radiation on FA skeleton (left)
25374-2.0,31,mean_icvf,SS,R,Mean ICVF in sagittal stratum on FA skeleton (right)
25375-2.0,32,mean_icvf,SS,L,Mean ICVF in sagittal stratum on FA skeleton (left)
25376-2.0,33,mean_icvf,EC,R,Mean ICVF in external capsule on FA skeleton (right)
25377-2.0,34,mean_icvf,EC,L,Mean ICVF in external capsule on FA skeleton (left)
25378-2.0,35,mean_icvf,CCG,R,Mean ICVF in cingulum cingulate gyrus on FA skeleton (right)
25379-2.0,36,mean_icvf,CCG,L,Mean ICVF in cingulum cingulate gyrus on FA skeleton (left)
25380-2.0,37,mean_icvf,CH,R,Mean ICVF in cingulum hippocampus on FA skeleton (right)
25381-2.0,38,mean_icvf,CH,L,Mean ICVF in cingulum hippocampus on FA skeleton (left)
25382-2.0,39,mean_icvf,FCST,R,Mean ICVF in fornix cres+stria terminalis on FA skeleton (right)
25383-2.0,40,mean_icvf,FCST,L,Mean ICVF in fornix cres+stria terminalis on FA skeleton (left)
25384-2.0,41,mean_icvf,SLF,R,Mean ICVF in superior longitudinal fasciculus on FA skeleton (right)
25385-2.0,42,mean_icvf,SLF,L,Mean ICVF in superior longitudinal fasciculus on FA skeleton (left)
25386-2.0,43,mean_icvf,SFOF,R,Mean ICVF in superior fronto-occipital fasciculus on FA skeleton (right)
25387-2.0,44,mean_icvf,SFOF,L,Mean ICVF in superior fronto-occipital fasciculus on FA skeleton (left)
25388-2.0,45,mean_icvf,UF,R,Mean ICVF in uncinate fasciculus on FA skeleton (right)
25389-2.0,46,mean_icvf,UF,L,Mean ICVF in uncinate fasciculus on FA skeleton (left)
25390-2.0,47,mean_icvf,tapetum,R,Mean ICVF in tapetum on FA skeleton (right)
25391-2.0,48,mean_icvf,tapetum,L,Mean ICVF in tapetum on FA skeleton (left)
25392-2.0,1,mean_od,MCP,B,Mean OD in middle cerebellar peduncle on FA skeleton
25393-2.0,2,mean_od,PCT,B,Mean OD in pontine crossing tract on FA skeleton
25394-2.0,3,mean_od,CCgenu,B,Mean OD in genu of corpus callosum on FA skeleton
25395-2.0,4,mean_od,CCbody,B,Mean OD in body of corpus callosum on FA skeleton
25396-2.0,5,mean_od,CCspl,B,Mean OD in splenium of corpus callosum on FA skeleton
25397-2.0,6,mean_od,Fornix,B,Mean OD in fornix on FA skeleton
25398-2.0,7,mean_od,CST,R,Mean OD in corticospinal tract on FA skeleton (right)
25399-2.0,8,mean_od,CST,L,Mean OD in corticospinal tract on FA skeleton (left)
25400-2.0,9,mean_od,ML,R,Mean OD in medial lemniscus on FA skeleton (right)
25401-2.0,10,mean_od,ML,L,Mean OD in medial lemniscus on FA skeleton (left)
25402-2.0,11,mean_od,ICP,R,Mean OD in inferior cerebellar peduncle on FA skeleton (right)
25403-2.0,12,mean_od,ICP,L,Mean OD in inferior cerebellar peduncle on FA skeleton (left)
25404-2.0,13,mean_od,SCP,R,Mean OD in superior cerebellar peduncle on FA skeleton (right)
25405-2.0,14,mean_od,SCP,L,Mean OD in superior cerebellar peduncle on FA skeleton (left)
25406-2.0,15,mean_od,CP,R,Mean OD in cerebral peduncle on FA skeleton (right)
25407-2.0,16,mean_od,CP,L,Mean OD in cerebral peduncle on FA skeleton (left)
25408-2.0,17,mean_od,ICant,R,Mean OD in anterior limb of internal capsule on FA skeleton (right)
25409-2.0,18,mean_od,ICant,L,Mean OD in anterior limb of internal capsule on FA skeleton (left)
25410-2.0,19,mean_od,ICpos,R,Mean OD in posterior limb of internal capsule on FA skeleton (right)
25411-2.0,20,mean_od,ICpos,L,Mean OD in posterior limb of internal capsule on FA skeleton (left)
25412-2.0,21,mean_od,ICretr,R,Mean OD in retrolenticular part of internal capsule on FA skeleton (right)
25413-2.0,22,mean_od,ICretr,L,Mean OD in retrolenticular part of internal capsule on FA skeleton (left)
25414-2.0,23,mean_od,ACR,R,Mean OD in anterior corona radiata on FA skeleton (right)
25415-2.0,24,mean_od,ACR,L,Mean OD in anterior corona radiata on FA skeleton (left)
25416-2.0,25,mean_od,SCR,R,Mean OD in superior corona radiata on FA skeleton (right)
25417-2.0,26,mean_od,SCR,L,Mean OD in superior corona radiata on FA skeleton (left)
25418-2.0,27,mean_od,PCR,R,Mean OD in posterior corona radiata on FA skeleton (right)
25419-2.0,28,mean_od,PCR,L,Mean OD in posterior corona radiata on FA skeleton (left)
25420-2.0,29,mean_od,PTR,R,Mean OD in posterior thalamic radiation on FA skeleton (right)
25421-2.0,30,mean_od,PTR,L,Mean OD in posterior thalamic radiation on FA skeleton (left)
25422-2.0,31,mean_od,SS,R,Mean OD in sagittal stratum on FA skeleton (right)
25423-2.0,32,mean_od,SS,L,Mean OD in sagittal stratum on FA skeleton (left)
25424-2.0,33,mean_od,EC,R,Mean OD in external capsule on FA skeleton (right)
25425-2.0,34,mean_od,EC,L,Mean OD in external capsule on FA skeleton (left)
25426-2.0,35,mean_od,CCG,R,Mean OD in cingulum cingulate gyrus on FA skeleton (right)
25427-2.0,36,mean_od,CCG,L,Mean OD in cingulum cingulate gyrus on FA skeleton (left)
25428-2.0,37,mean_od,CH,R,Mean OD in cingulum hippocampus on FA skeleton (right)
25429-2.0,38,mean_od,CH,L,Mean OD in cingulum hippocampus on FA skeleton (left)
25430-2.0,39,mean_od,FCST,R,Mean OD in fornix cres+stria terminalis on FA skeleton (right)
25431-2.0,40,mean_od,FCST,L,Mean OD in fornix cres+stria terminalis on FA skeleton (left)
25432-2.0,41,mean_od,SLF,R,Mean OD in superior longitudinal fasciculus on FA skeleton (right)
25433-2.0,42,mean_od,SLF,L,Mean OD in superior longitudinal fasciculus on FA skeleton (left)
25434-2.0,43,mean_od,SFOF,R,Mean OD in superior fronto-occipital fasciculus on FA skeleton (right)
25435-2.0,44,mean_od,SFOF,L,Mean OD in superior fronto-occipital fasciculus on FA skeleton (left)
25436-2.0,45,mean_od,UF,R,Mean OD in uncinate fasciculus on FA skeleton (right)
25437-2.0,46,mean_od,UF,L,Mean OD in uncinate fasciculus on FA skeleton (left)
25438-2.0,47,mean_od,tapetum,R,Mean OD in tapetum on FA skeleton (right)
25439-2.0,48,mean_od,tapetum,L,Mean OD in tapetum on FA skeleton (left)
25440-2.0,1,mean_isovf,MCP,B,Mean ISOVF in middle cerebellar peduncle on FA skeleton
25441-2.0,2,mean_isovf,PCT,B,Mean ISOVF in pontine crossing tract on FA skeleton
25442-2.0,3,mean_isovf,CCgenu,B,Mean ISOVF in genu of corpus callosum on FA skeleton
25443-2.0,4,mean_isovf,CCbody,B,Mean ISOVF in body of corpus callosum on FA skeleton
25444-2.0,5,mean_isovf,CCspl,B,Mean ISOVF in splenium of corpus callosum on FA skeleton
25445-2.0,6,mean_isovf,Fornix,B,Mean ISOVF in fornix on FA skeleton
25446-2.0,7,mean_isovf,CST,R,Mean ISOVF in corticospinal tract on FA skeleton (right)
25447-2.0,8,mean_isovf,CST,L,Mean ISOVF in corticospinal tract on FA skeleton (left)
25448-2.0,9,mean_isovf,ML,R,Mean ISOVF in medial lemniscus on FA skeleton (right)
25449-2.0,10,mean_isovf,ML,L,Mean ISOVF in medial lemniscus on FA skeleton (left)
25450-2.0,11,mean_isovf,ICP,R,Mean ISOVF in inferior cerebellar peduncle on FA skeleton (right)
25451-2.0,12,mean_isovf,ICP,L,Mean ISOVF in inferior cerebellar peduncle on FA skeleton (left)
25452-2.0,13,mean_isovf,SCP,R,Mean ISOVF in superior cerebellar peduncle on FA skeleton (right)
25453-2.0,14,mean_isovf,SCP,L,Mean ISOVF in superior cerebellar peduncle on FA skeleton (left)
25454-2.0,15,mean_isovf,CP,R,Mean ISOVF in cerebral peduncle on FA skeleton (right)
25455-2.0,16,mean_isovf,CP,L,Mean ISOVF in cerebral peduncle on FA skeleton (left)
25456-2.0,17,mean_isovf,ICant,R,Mean ISOVF in anterior limb of internal capsule on FA skeleton (right)
25457-2.0,18,mean_isovf,ICant,L,Mean ISOVF in anterior limb of internal capsule on FA skeleton (left)
25458-2.0,19,mean_isovf,ICpos,R,Mean ISOVF in posterior limb of internal capsule on FA skeleton (right)
25459-2.0,20,mean_isovf,ICpos,L,Mean ISOVF in posterior limb of internal capsule on FA skeleton (left)
25460-2.0,21,mean_isovf,ICretr,R,Mean ISOVF in retrolenticular part of internal capsule on FA skeleton (right)
25461-2.0,22,mean_isovf,ICretr,L,Mean ISOVF in retrolenticular part of internal capsule on FA skeleton (left)
25462-2.0,23,mean_isovf,ACR,R,Mean ISOVF in anterior corona radiata on FA skeleton (right)
25463-2.0,24,mean_isovf,ACR,L,Mean ISOVF in anterior corona radiata on FA skeleton (left)
25464-2.0,25,mean_isovf,SCR,R,Mean ISOVF in superior corona radiata on FA skeleton (right)
25465-2.0,26,mean_isovf,SCR,L,Mean ISOVF in superior corona radiata on FA skeleton (left)
25466-2.0,27,mean_isovf,PCR,R,Mean ISOVF in posterior corona radiata on FA skeleton (right)
25467-2.0,28,mean_isovf,PCR,L,Mean ISOVF in posterior corona radiata on FA skeleton (left)
25468-2.0,29,mean_isovf,PTR,R,Mean ISOVF in posterior thalamic radiation on FA skeleton (right)
25469-2.0,30,mean_isovf,PTR,L,Mean ISOVF in posterior thalamic radiation on FA skeleton (left)
25470-2.0,31,mean_isovf,SS,R,Mean ISOVF in sagittal stratum on FA skeleton (right)
25471-2.0,32,mean_isovf,SS,L,Mean ISOVF in sagittal stratum on FA skeleton (left)
25472-2.0,33,mean_isovf,EC,R,Mean ISOVF in external capsule on FA skeleton (right)
25473-2.0,34,mean_isovf,EC,L,Mean ISOVF in external capsule on FA skeleton (left)
25474-2.0,35,mean_isovf,CCG,R,Mean ISOVF in cingulum cingulate gyrus on FA skeleton (right)
25475-2.0,36,mean_isovf,CCG,L,Mean ISOVF in cingulum cingulate gyrus on FA skeleton (left)
25476-2.0,37,mean_isovf,CH,R,Mean ISOVF in cingulum hippocampus on FA skeleton (right)
25477-2.0,38,mean_isovf,CH,L,Mean ISOVF in cingulum hippocampus on FA skeleton (left)
25478-2.0,39,mean_isovf,FCST,R,Mean ISOVF in fornix cres+stria terminalis on FA skeleton (right)
25479-2.0,40,mean_isovf,FCST,L,Mean ISOVF in fornix cres+stria terminalis on FA skeleton (left)
25480-2.0,41,mean_isovf,SLF,R,Mean ISOVF in superior longitudinal fasciculus on FA skeleton (right)
25481-2.0,42,mean_isovf,SLF,L,Mean ISOVF in superior longitudinal fasciculus on FA skeleton (left)
25482-2.0,43,mean_isovf,SFOF,R,Mean ISOVF in superior fronto-occipital fasciculus on FA skeleton (right)
25483-2.0,44,mean_isovf,SFOF,L,Mean ISOVF in superior fronto-occipital fasciculus on FA skeleton (left)
25484-2.0,45,mean_isovf,UF,R,Mean ISOVF in uncinate fasciculus on FA skeleton (right)
25485-2.0,46,mean_isovf,UF,L,Mean ISOVF in uncinate fasciculus on FA skeleton (left)
25486-2.0,47,mean_isovf,tapetum,R,Mean ISOVF in tapetum on FA skeleton (right)
25487-2.0,48,mean_isovf,tapetum,L,Mean ISOVF in tapetum on FA skeleton (left)
25782-2.0,1,volume_fast,FP,L,Volume of grey matter in Frontal Pole (left)
25783-2.0,2,volume_fast,FP,R,Volume of grey matter in Frontal Pole (right)
25784-2.0,3,volume_fast,Ins,L,Volume of grey matter in Insular Cortex (left)
25785-2.0,4,volume_fast,Ins,R,Volume of grey matter in Insular Cortex (right)
25786-2.0,5,volume_fast,SPG,L,Volume of grey matter in Superior Frontal Gyrus (left)
25787-2.0,6,volume_fast,SPG,R,Volume of grey matter in Superior Frontal Gyrus (right)
25788-2.0,7,volume_fast,MFG,L,Volume of grey matter in Middle Frontal Gyrus (left)
25789-2.0,8,volume_fast,MFG,R,Volume of grey matter in Middle Frontal Gyrus (right)
25790-2.0,9,volume_fast,IFGt,L,"Volume of grey matter in Inferior Frontal Gyrus, pars triangularis (left)"
25791-2.0,10,volume_fast,IFGt,R,"Volume of grey matter in Inferior Frontal Gyrus, pars triangularis (right)"
25792-2.0,11,volume_fast,IFGo,L,"Volume of grey matter in Inferior Frontal Gyrus, pars opercularis (left)"
25793-2.0,12,volume_fast,IFGo,R,"Volume of grey matter in Inferior Frontal Gyrus, pars opercularis (right)"
25794-2.0,13,volume_fast,PreG,L,Volume of grey matter in Precentral Gyrus (left)
25795-2.0,14,volume_fast,PreG,R,Volume of grey matter in Precentral Gyrus (right)
25796-2.0,15,volume_fast,TP,L,Volume of grey matter in Temporal Pole (left)
25797-2.0,16,volume_fast,TP,R,Volume of grey matter in Temporal Pole (right)
25798-2.0,17,volume_fast,STGa,L,"Volume of grey matter in Superior Temporal Gyrus, anterior division (left)"
25799-2.0,18,volume_fast,STGa,R,"Volume of grey matter in Superior Temporal Gyrus, anterior division (right)"
25800-2.0,19,volume_fast,STGp,L,"Volume of grey matter in Superior Temporal Gyrus, posterior division (left)"
25801-2.0,20,volume_fast,STGp,R,"Volume of grey matter in Superior Temporal Gyrus, posterior division (right)"
25802-2.0,21,volume_fast,MTGa,L,"Volume of grey matter in Middle Temporal Gyrus, anterior division (left)"
25803-2.0,22,volume_fast,MTGa,R,"Volume of grey matter in Middle Temporal Gyrus, anterior division (right)"
25804-2.0,23,volume_fast,MTGp,L,"Volume of grey matter in Middle Temporal Gyrus, posterior division (left)"
25805-2.0,24,volume_fast,MTGp,R,"Volume of grey matter in Middle Temporal Gyrus, posterior division (right)"
25806-2.0,25,volume_fast,MTGto,L,"Volume of grey matter in Middle Temporal Gyrus, temporooccipital part (left)"
25807-2.0,26,volume_fast,MTGto,R,"Volume of grey matter in Middle Temporal Gyrus, temporooccipital part (right)"
25808-2.0,27,volume_fast,ITGa,L,"Volume of grey matter in Inferior Temporal Gyrus, anterior division (left)"
25809-2.0,28,volume_fast,ITGa,R,"Volume of grey matter in Inferior Temporal Gyrus, anterior division (right)"
25810-2.0,29,volume_fast,ITGp,L,"Volume of grey matter in Inferior Temporal Gyrus, posterior division (left)"
25811-2.0,30,volume_fast,ITGp,R,"Volume of grey matter in Inferior Temporal Gyrus, posterior division (right)"
25812-2.0,31,volume_fast,ITGto,L,"Volume of grey matter in Inferior Temporal Gyrus, temporooccipital part (left)"
25813-2.0,32,volume_fast,ITGto,R,"Volume of grey matter in Inferior Temporal Gyrus, temporooccipital part (right)"
25814-2.0,33,volume_fast,PostG,L,Volume of grey matter in Postcentral Gyrus (left)
25815-2.0,34,volume_fast,PostG,R,Volume of grey matter in Postcentral Gyrus (right)
25816-2.0,35,volume_fast,SPL,L,Volume of grey matter in Superior Parietal Lobule (left)
25817-2.0,36,volume_fast,SPL,R,Volume of grey matter in Superior Parietal Lobule (right)
25818-2.0,37,volume_fast,"SupG,a",L,"Volume of grey matter in Supramarginal Gyrus, anterior division (left)"
25819-2.0,38,volume_fast,"SupG,a",R,"Volume of grey matter in Supramarginal Gyrus, anterior division (right)"
25820-2.0,39,volume_fast,"SupG,p",L,"Volume of grey matter in Supramarginal Gyrus, posterior division (left)"
25821-2.0,40,volume_fast,"SupG,p",R,"Volume of grey matter in Supramarginal Gyrus, posterior division (right)"
25822-2.0,41,volume_fast,Ang,L,Volume of grey matter in Angular Gyrus (left)
25823-2.0,42,volume_fast,Ang,R,Volume of grey matter in Angular Gyrus (right)
25824-2.0,43,volume_fast,LOCs,L,"Volume of grey matter in Lateral Occipital Cortex, superior division (left)"
25825-2.0,44,volume_fast,LOCs,R,"Volume of grey matter in Lateral Occipital Cortex, superior division (right)"
25826-2.0,45,volume_fast,LOCi,L,"Volume of grey matter in Lateral Occipital Cortex, inferior division (left)"
25827-2.0,46,volume_fast,LOCi,R,"Volume of grey matter in Lateral Occipital Cortex, inferior division (right)"
25828-2.0,47,volume_fast,Intra,L,Volume of grey matter in Intracalcarine Cortex (left)
25829-2.0,48,volume_fast,Intra,R,Volume of grey matter in Intracalcarine Cortex (right)
25830-2.0,49,volume_fast,FMC,L,Volume of grey matter in Frontal Medial Cortex (left)
25831-2.0,50,volume_fast,FMC,R,Volume of grey matter in Frontal Medial Cortex (right)
25832-2.0,51,volume_fast,JLC,L,Volume of grey matter in Juxtapositional Lobule Cortex (formerly Supplementary Motor Cortex) (left)
25833-2.0,52,volume_fast,JLC,R,Volume of grey matter in Juxtapositional Lobule Cortex (formerly Supplementary Motor Cortex) (right)
25834-2.0,53,volume_fast,SCC,L,Volume of grey matter in Subcallosal Cortex (left)
25835-2.0,54,volume_fast,SCC,R,Volume of grey matter in Subcallosal Cortex (right)
25836-2.0,55,volume_fast,pCing,L,Volume of grey matter in Paracingulate Gyrus (left)
25837-2.0,56,volume_fast,pCING,R,Volume of grey matter in Paracingulate Gyrus (right)
25838-2.0,57,volume_fast,CINGa,L,"Volume of grey matter in Cingulate Gyrus, anterior division (left)"
25839-2.0,58,volume_fast,CINGa,R,"Volume of grey matter in Cingulate Gyrus, anterior division (right)"
25840-2.0,59,volume_fast,CINGp,L,"Volume of grey matter in Cingulate Gyrus, posterior division (left)"
25841-2.0,60,volume_fast,CINGp,R,"Volume of grey matter in Cingulate Gyrus, posterior division (right)"
25842-2.0,61,volume_fast,PrecC,L,Volume of grey matter in Precuneous Cortex (left)
25843-2.0,62,volume_fast,PrecC,R,Volume of grey matter in Precuneous Cortex (right)
25844-2.0,63,volume_fast,CuC,L,Volume of grey matter in Cuneal Cortex (left)
25845-2.0,64,volume_fast,CuC,R,Volume of grey matter in Cuneal Cortex (right)
25846-2.0,65,volume_fast,FObC,L,Volume of grey matter in Frontal Orbital Cortex (left)
25847-2.0,66,volume_fast,FObC,R,Volume of grey matter in Frontal Orbital Cortex (right)
25848-2.0,67,volume_fast,pHIPPa,L,"Volume of grey matter in Parahippocampal Gyrus, anterior division (left)"
25849-2.0,68,volume_fast,pHIPPa,R,"Volume of grey matter in Parahippocampal Gyrus, anterior division (right)"
25850-2.0,69,volume_fast,pHIPPp,L,"Volume of grey matter in Parahippocampal Gyrus, posterior division (left)"
25851-2.0,70,volume_fast,pHIPPp,R,"Volume of grey matter in Parahippocampal Gyrus, posterior division (right)"
25852-2.0,71,volume_fast,LG,L,Volume of grey matter in Lingual Gyrus (left)
25853-2.0,72,volume_fast,LG,R,Volume of grey matter in Lingual Gyrus (right)
25854-2.0,73,volume_fast,TFCa,L,"Volume of grey matter in Temporal Fusiform Cortex, anterior division (left)"
25855-2.0,74,volume_fast,TFCa,R,"Volume of grey matter in Temporal Fusiform Cortex, anterior division (right)"
25856-2.0,75,volume_fast,TFCp,L,"Volume of grey matter in Temporal Fusiform Cortex, posterior division (left)"
25857-2.0,76,volume_fast,TFCp,R,"Volume of grey matter in Temporal Fusiform Cortex, posterior division (right)"
25858-2.0,77,volume_fast,TOFC,L,Volume of grey matter in Temporal Occipital Fusiform Cortex (left)
25859-2.0,78,volume_fast,TOFC,R,Volume of grey matter in Temporal Occipital Fusiform Cortex (right)
25860-2.0,79,volume_fast,OFG,L,Volume of grey matter in Occipital Fusiform Gyrus (left)
25861-2.0,80,volume_fast,OFG,R,Volume of grey matter in Occipital Fusiform Gyrus (right)
25862-2.0,81,volume_fast,FOpC,L,Volume of grey matter in Frontal Operculum Cortex (left)
25863-2.0,82,volume_fast,FOpC,R,Volume of grey matter in Frontal Operculum Cortex (right)
25864-2.0,83,volume_fast,COC,L,Volume of grey matter in Central Opercular Cortex (left)
25865-2.0,84,volume_fast,COC,R,Volume of grey matter in Central Opercular Cortex (right)
25866-2.0,85,volume_fast,POC,L,Volume of grey matter in Parietal Operculum Cortex (left)
25867-2.0,86,volume_fast,POC,R,Volume of grey matter in Parietal Operculum Cortex (right)
25868-2.0,87,volume_fast,PP,L,Volume of grey matter in Planum Polare (left)
25869-2.0,88,volume_fast,PP,R,Volume of grey matter in Planum Polare (right)
25870-2.0,89,volume_fast,HG,L,Volume of grey matter in Heschl's Gyrus (includes H1 and H2) (left)
25871-2.0,90,volume_fast,HG,R,Volume of grey matter in Heschl's Gyrus (includes H1 and H2) (right)
25872-2.0,91,volume_fast,PT,L,Volume of grey matter in Planum Temporale (left)
25873-2.0,92,volume_fast,PT,R,Volume of grey matter in Planum Temporale (right)
25874-2.0,93,volume_fast,SC,L,Volume of grey matter in Supracalcarine Cortex (left)
25875-2.0,94,volume_fast,SC,R,Volume of grey matter in Supracalcarine Cortex (right)
25876-2.0,95,volume_fast,OP,L,Volume of grey matter in Occipital Pole (left)
25877-2.0,96,volume_fast,OP,R,Volume of grey matter in Occipital Pole (right)
25878-2.0,97,volume_fast,THAL,L,Volume of grey matter in Thalamus (left)
25879-2.0,98,volume_fast,THAL,R,Volume of grey matter in Thalamus (right)
25880-2.0,99,volume_fast,CAUD,L,Volume of grey matter in Caudate (left)
25881-2.0,100,volume_fast,CAUD,R,Volume of grey matter in Caudate (right)
25882-2.0,101,volume_fast,PUT,L,Volume of grey matter in Putamen (left)
25883-2.0,102,volume_fast,PUT,R,Volume of grey matter in Putamen (right)
25884-2.0,103,volume_fast,PALL,L,Volume of grey matter in Pallidum (left)
25885-2.0,104,volume_fast,PALL,R,Volume of grey matter in Pallidum (right)
25886-2.0,105,volume_fast,HIPP,L,Volume of grey matter in Hippocampus (left)
25887-2.0,106,volume_fast,HIPP,R,Volume of grey matter in Hippocampus (right)
25888-2.0,107,volume_fast,AMY,L,Volume of grey matter in Amygdala (left)
25889-2.0,108,volume_fast,AMY,R,Volume of grey matter in Amygdala (right)
25890-2.0,109,volume_fast,VS,L,Volume of grey matter in Ventral Striatum (left)
25891-2.0,110,volume_fast,VS,R,Volume of grey matter in Ventral Striatum (right)
25011-2.0,1,volume_first,THAL,L,Volume of thalamus (left)
25012-2.0,2,volume_first,THAL,R,Volume of thalamus (right)
25013-2.0,3,volume_first,CAUD,L,Volume of caudate (left)
25014-2.0,4,volume_first,CAUD,R,Volume of caudate (right)
25015-2.0,5,volume_first,PUT,L,Volume of putamen (left)
25016-2.0,6,volume_first,PUT,R,Volume of putamen (right)
25017-2.0,7,volume_first,PALL,L,Volume of pallidum (left)
25018-2.0,8,volume_first,PALL,R,Volume of pallidum (right)
25019-2.0,9,volume_first,HIPP,L,Volume of hippocampus (left)
25020-2.0,10,volume_first,HIPP,R,Volume of hippocampus (right)
25021-2.0,11,volume_first,AMY,L,Volume of amygdala (left)
25022-2.0,12,volume_first,AMY,R,Volume of amygdala (right)
25023-2.0,13,volume_first,ACC,L,Volume of accumbens (left)
25024-2.0,14,volume_first,ACC,R,Volume of accumbens (right)
25002-2.0,-101,volume_whole_brain,cGM,whole-brain,Cortical GMV
25004-2.0,-102,volume_whole_brain,vCSF,whole-brain,ventricular CSFV
25006-2.0,-103,volume_whole_brain,GM,whole-brain,GMV
25008-2.0,-104,volume_whole_brain,WM,whole-brain,WMV
25010-2.0,-105,volume_whole_brain,BV,whole-brain,Brain Volume
25781-2.0,-1,volume_whole_brain,WMH,whole-brain,WMHV (from T1 and T2_FLAIR images)
25782-2.0,1,volume_fast_normalised,FP,L,Volume of grey matter in Frontal Pole (left) (normalised)
25783-2.0,2,volume_fast_normalised,FP,R,Volume of grey matter in Frontal Pole (right) (normalised)
25784-2.0,3,volume_fast_normalised,Ins,L,Volume of grey matter in Insular Cortex (left) (normalised)
25785-2.0,4,volume_fast_normalised,Ins,R,Volume of grey matter in Insular Cortex (right) (normalised)
25786-2.0,5,volume_fast_normalised,SPG,L,Volume of grey matter in Superior Frontal Gyrus (left) (normalised)
25787-2.0,6,volume_fast_normalised,SPG,R,Volume of grey matter in Superior Frontal Gyrus (right) (normalised)
25788-2.0,7,volume_fast_normalised,MFG,L,Volume of grey matter in Middle Frontal Gyrus (left) (normalised)
25789-2.0,8,volume_fast_normalised,MFG,R,Volume of grey matter in Middle Frontal Gyrus (right) (normalised)
25790-2.0,9,volume_fast_normalised,IFGt,L,"Volume of grey matter in Inferior Frontal Gyrus, pars triangularis (left) (normalised)"
25791-2.0,10,volume_fast_normalised,IFGt,R,"Volume of grey matter in Inferior Frontal Gyrus, pars triangularis (right) (normalised)"
25792-2.0,11,volume_fast_normalised,IFGo,L,"Volume of grey matter in Inferior Frontal Gyrus, pars opercularis (left) (normalised)"
25793-2.0,12,volume_fast_normalised,IFGo,R,"Volume of grey matter in Inferior Frontal Gyrus, pars opercularis (right) (normalised)"
25794-2.0,13,volume_fast_normalised,PreG,L,Volume of grey matter in Precentral Gyrus (left) (normalised)
25795-2.0,14,volume_fast_normalised,PreG,R,Volume of grey matter in Precentral Gyrus (right) (normalised)
25796-2.0,15,volume_fast_normalised,TP,L,Volume of grey matter in Temporal Pole (left) (normalised)
25797-2.0,16,volume_fast_normalised,TP,R,Volume of grey matter in Temporal Pole (right) (normalised)
25798-2.0,17,volume_fast_normalised,STGa,L,"Volume of grey matter in Superior Temporal Gyrus, anterior division (left) (normalised)"
25799-2.0,18,volume_fast_normalised,STGa,R,"Volume of grey matter in Superior Temporal Gyrus, anterior division (right) (normalised)"
25800-2.0,19,volume_fast_normalised,STGp,L,"Volume of grey matter in Superior Temporal Gyrus, posterior division (left) (normalised)"
25801-2.0,20,volume_fast_normalised,STGp,R,"Volume of grey matter in Superior Temporal Gyrus, posterior division (right) (normalised)"
25802-2.0,21,volume_fast_normalised,MTGa,L,"Volume of grey matter in Middle Temporal Gyrus, anterior division (left) (normalised)"
25803-2.0,22,volume_fast_normalised,MTGa,R,"Volume of grey matter in Middle Temporal Gyrus, anterior division (right) (normalised)"
25804-2.0,23,volume_fast_normalised,MTGp,L,"Volume of grey matter in Middle Temporal Gyrus, posterior division (left) (normalised)"
25805-2.0,24,volume_fast_normalised,MTGp,R,"Volume of grey matter in Middle Temporal Gyrus, posterior division (right) (normalised)"
25806-2.0,25,volume_fast_normalised,MTGto,L,"Volume of grey matter in Middle Temporal Gyrus, temporooccipital part (left) (normalised)"
25807-2.0,26,volume_fast_normalised,MTGto,R,"Volume of grey matter in Middle Temporal Gyrus, temporooccipital part (right) (normalised)"
25808-2.0,27,volume_fast_normalised,ITGa,L,"Volume of grey matter in Inferior Temporal Gyrus, anterior division (left) (normalised)"
25809-2.0,28,volume_fast_normalised,ITGa,R,"Volume of grey matter in Inferior Temporal Gyrus, anterior division (right) (normalised)"
25810-2.0,29,volume_fast_normalised,ITGp,L,"Volume of grey matter in Inferior Temporal Gyrus, posterior division (left) (normalised)"
25811-2.0,30,volume_fast_normalised,ITGp,R,"Volume of grey matter in Inferior Temporal Gyrus, posterior division (right) (normalised)"
25812-2.0,31,volume_fast_normalised,ITGto,L,"Volume of grey matter in Inferior Temporal Gyrus, temporooccipital part (left) (normalised)"
25813-2.0,32,volume_fast_normalised,ITGto,R,"Volume of grey matter in Inferior Temporal Gyrus, temporooccipital part (right) (normalised)"
25814-2.0,33,volume_fast_normalised,PostG,L,Volume of grey matter in Postcentral Gyrus (left) (normalised)
25815-2.0,34,volume_fast_normalised,PostG,R,Volume of grey matter in Postcentral Gyrus (right) (normalised)
25816-2.0,35,volume_fast_normalised,SPL,L,Volume of grey matter in Superior Parietal Lobule (left) (normalised)
25817-2.0,36,volume_fast_normalised,SPL,R,Volume of grey matter in Superior Parietal Lobule (right) (normalised)
25818-2.0,37,volume_fast_normalised,"SupG,a",L,"Volume of grey matter in Supramarginal Gyrus, anterior division (left) (normalised)"
25819-2.0,38,volume_fast_normalised,"SupG,a",R,"Volume of grey matter in Supramarginal Gyrus, anterior division (right) (normalised)"
25820-2.0,39,volume_fast_normalised,"SupG,p",L,"Volume of grey matter in Supramarginal Gyrus, posterior division (left) (normalised)"
25821-2.0,40,volume_fast_normalised,"SupG,p",R,"Volume of grey matter in Supramarginal Gyrus, posterior division (right) (normalised)"
25822-2.0,41,volume_fast_normalised,Ang,L,Volume of grey matter in Angular Gyrus (left) (normalised)
25823-2.0,42,volume_fast_normalised,Ang,R,Volume of grey matter in Angular Gyrus (right) (normalised)
25824-2.0,43,volume_fast_normalised,LOCs,L,"Volume of grey matter in Lateral Occipital Cortex, superior division (left) (normalised)"
25825-2.0,44,volume_fast_normalised,LOCs,R,"Volume of grey matter in Lateral Occipital Cortex, superior division (right) (normalised)"
25826-2.0,45,volume_fast_normalised,LOCi,L,"Volume of grey matter in Lateral Occipital Cortex, inferior division (left) (normalised)"
25827-2.0,46,volume_fast_normalised,LOCi,R,"Volume of grey matter in Lateral Occipital Cortex, inferior division (right) (normalised)"
25828-2.0,47,volume_fast_normalised,Intra,L,Volume of grey matter in Intracalcarine Cortex (left) (normalised)
25829-2.0,48,volume_fast_normalised,Intra,R,Volume of grey matter in Intracalcarine Cortex (right) (normalised)
25830-2.0,49,volume_fast_normalised,FMC,L,Volume of grey matter in Frontal Medial Cortex (left) (normalised)
25831-2.0,50,volume_fast_normalised,FMC,R,Volume of grey matter in Frontal Medial Cortex (right) (normalised)
25832-2.0,51,volume_fast_normalised,JLC,L,Volume of grey matter in Juxtapositional Lobule Cortex (formerly Supplementary Motor Cortex) (left) (normalised)
25833-2.0,52,volume_fast_normalised,JLC,R,Volume of grey matter in Juxtapositional Lobule Cortex (formerly Supplementary Motor Cortex) (right) (normalised)
25834-2.0,53,volume_fast_normalised,SCC,L,Volume of grey matter in Subcallosal Cortex (left) (normalised)
25835-2.0,54,volume_fast_normalised,SCC,R,Volume of grey matter in Subcallosal Cortex (right) (normalised)
25836-2.0,55,volume_fast_normalised,pCing,L,Volume of grey matter in Paracingulate Gyrus (left) (normalised)
25837-2.0,56,volume_fast_normalised,pCING,R,Volume of grey matter in Paracingulate Gyrus (right) (normalised)
25838-2.0,57,volume_fast_normalised,CINGa,L,"Volume of grey matter in Cingulate Gyrus, anterior division (left) (normalised)"
25839-2.0,58,volume_fast_normalised,CINGa,R,"Volume of grey matter in Cingulate Gyrus, anterior division (right) (normalised)"
25840-2.0,59,volume_fast_normalised,CINGp,L,"Volume of grey matter in Cingulate Gyrus, posterior division (left) (normalised)"
25841-2.0,60,volume_fast_normalised,CINGp,R,"Volume of grey matter in Cingulate Gyrus, posterior division (right) (normalised)"
25842-2.0,61,volume_fast_normalised,PrecC,L,Volume of grey matter in Precuneous Cortex (left) (normalised)
25843-2.0,62,volume_fast_normalised,PrecC,R,Volume of grey matter in Precuneous Cortex (right) (normalised)
25844-2.0,63,volume_fast_normalised,CuC,L,Volume of grey matter in Cuneal Cortex (left) (normalised)
25845-2.0,64,volume_fast_normalised,CuC,R,Volume of grey matter in Cuneal Cortex (right) (normalised)
25846-2.0,65,volume_fast_normalised,FObC,L,Volume of grey matter in Frontal Orbital Cortex (left) (normalised)
25847-2.0,66,volume_fast_normalised,FObC,R,Volume of grey matter in Frontal Orbital Cortex (right) (normalised)
25848-2.0,67,volume_fast_normalised,pHIPPa,L,"Volume of grey matter in Parahippocampal Gyrus, anterior division (left) (normalised)"
25849-2.0,68,volume_fast_normalised,pHIPPa,R,"Volume of grey matter in Parahippocampal Gyrus, anterior division (right) (normalised)"
25850-2.0,69,volume_fast_normalised,pHIPPp,L,"Volume of grey matter in Parahippocampal Gyrus, posterior division (left) (normalised)"
25851-2.0,70,volume_fast_normalised,pHIPPp,R,"Volume of grey matter in Parahippocampal Gyrus, posterior division (right) (normalised)"
25852-2.0,71,volume_fast_normalised,LG,L,Volume of grey matter in Lingual Gyrus (left) (normalised)
25853-2.0,72,volume_fast_normalised,LG,R,Volume of grey matter in Lingual Gyrus (right) (normalised)
25854-2.0,73,volume_fast_normalised,TFCa,L,"Volume of grey matter in Temporal Fusiform Cortex, anterior division (left) (normalised)"
25855-2.0,74,volume_fast_normalised,TFCa,R,"Volume of grey matter in Temporal Fusiform Cortex, anterior division (right) (normalised)"
25856-2.0,75,volume_fast_normalised,TFCp,L,"Volume of grey matter in Temporal Fusiform Cortex, posterior division (left) (normalised)"
25857-2.0,76,volume_fast_normalised,TFCp,R,"Volume of grey matter in Temporal Fusiform Cortex, posterior division (right) (normalised)"
25858-2.0,77,volume_fast_normalised,TOFC,L,Volume of grey matter in Temporal Occipital Fusiform Cortex (left) (normalised)
25859-2.0,78,volume_fast_normalised,TOFC,R,Volume of grey matter in Temporal Occipital Fusiform Cortex (right) (normalised)
25860-2.0,79,volume_fast_normalised,OFG,L,Volume of grey matter in Occipital Fusiform Gyrus (left) (normalised)
25861-2.0,80,volume_fast_normalised,OFG,R,Volume of grey matter in Occipital Fusiform Gyrus (right) (normalised)
25862-2.0,81,volume_fast_normalised,FOpC,L,Volume of grey matter in Frontal Operculum Cortex (left) (normalised)
25863-2.0,82,volume_fast_normalised,FOpC,R,Volume of grey matter in Frontal Operculum Cortex (right) (normalised)
25864-2.0,83,volume_fast_normalised,COC,L,Volume of grey matter in Central Opercular Cortex (left) (normalised)
25865-2.0,84,volume_fast_normalised,COC,R,Volume of grey matter in Central Opercular Cortex (right) (normalised)
25866-2.0,85,volume_fast_normalised,POC,L,Volume of grey matter in Parietal Operculum Cortex (left) (normalised)
25867-2.0,86,volume_fast_normalised,POC,R,Volume of grey matter in Parietal Operculum Cortex (right) (normalised)
25868-2.0,87,volume_fast_normalised,PP,L,Volume of grey matter in Planum Polare (left) (normalised)
25869-2.0,88,volume_fast_normalised,PP,R,Volume of grey matter in Planum Polare (right) (normalised)
25870-2.0,89,volume_fast_normalised,HG,L,Volume of grey matter in Heschl's Gyrus (includes H1 and H2) (left) (normalised)
25871-2.0,90,volume_fast_normalised,HG,R,Volume of grey matter in Heschl's Gyrus (includes H1 and H2) (right) (normalised)
25872-2.0,91,volume_fast_normalised,PT,L,Volume of grey matter in Planum Temporale (left) (normalised)
25873-2.0,92,volume_fast_normalised,PT,R,Volume of grey matter in Planum Temporale (right) (normalised)
25874-2.0,93,volume_fast_normalised,SC,L,Volume of grey matter in Supracalcarine Cortex (left) (normalised)
25875-2.0,94,volume_fast_normalised,SC,R,Volume of grey matter in Supracalcarine Cortex (right) (normalised)
25876-2.0,95,volume_fast_normalised,OP,L,Volume of grey matter in Occipital Pole (left) (normalised)
25877-2.0,96,volume_fast_normalised,OP,R,Volume of grey matter in Occipital Pole (right) (normalised)
25878-2.0,97,volume_fast_normalised,THAL,L,Volume of grey matter in Thalamus (left) (normalised)
25879-2.0,98,volume_fast_normalised,THAL,R,Volume of grey matter in Thalamus (right) (normalised)
25880-2.0,99,volume_fast_normalised,CAUD,L,Volume of grey matter in Caudate (left) (normalised)
25881-2.0,100,volume_fast_normalised,CAUD,R,Volume of grey matter in Caudate (right) (normalised)
25882-2.0,101,volume_fast_normalised,PUT,L,Volume of grey matter in Putamen (left) (normalised)
25883-2.0,102,volume_fast_normalised,PUT,R,Volume of grey matter in Putamen (right) (normalised)
25884-2.0,103,volume_fast_normalised,PALL,L,Volume of grey matter in Pallidum (left) (normalised)
25885-2.0,104,volume_fast_normalised,PALL,R,Volume of grey matter in Pallidum (right) (normalised)
25886-2.0,105,volume_fast_normalised,HIPP,L,Volume of grey matter in Hippocampus (left) (normalised)
25887-2.0,106,volume_fast_normalised,HIPP,R,Volume of grey matter in Hippocampus (right) (normalised)
25888-2.0,107,volume_fast_normalised,AMY,L,Volume of grey matter in Amygdala (left) (normalised)
25889-2.0,108,volume_fast_normalised,AMY,R,Volume of grey matter in Amygdala (right) (normalised)
25890-2.0,109,volume_fast_normalised,VS,L,Volume of grey matter in Ventral Striatum (left) (normalised)
25891-2.0,110,volume_fast_normalised,VS,R,Volume of grey matter in Ventral Striatum (right) (normalised)
25011-2.0,1,volume_first_normalised,THAL,L,Volume of thalamus (left) (normalised)
25012-2.0,2,volume_first_normalised,THAL,R,Volume of thalamus (right) (normalised)
25013-2.0,3,volume_first_normalised,CAUD,L,Volume of caudate (left) (normalised)
25014-2.0,4,volume_first_normalised,CAUD,R,Volume of caudate (right) (normalised)
25015-2.0,5,volume_first_normalised,PUT,L,Volume of putamen (left) (normalised)
25016-2.0,6,volume_first_normalised,PUT,R,Volume of putamen (right) (normalised)
25017-2.0,7,volume_first_normalised,PALL,L,Volume of pallidum (left) (normalised)
25018-2.0,8,volume_first_normalised,PALL,R,Volume of pallidum (right) (normalised)
25019-2.0,9,volume_first_normalised,HIPP,L,Volume of hippocampus (left) (normalised)
25020-2.0,10,volume_first_normalised,HIPP,R,Volume of hippocampus (right) (normalised)
25021-2.0,11,volume_first_normalised,AMY,L,Volume of amygdala (left) (normalised)
25022-2.0,12,volume_first_normalised,AMY,R,Volume of amygdala (right) (normalised)
25023-2.0,13,volume_first_normalised,ACC,L,Volume of accumbens (left) (normalised)
25024-2.0,14,volume_first_normalised,ACC,R,Volume of accumbens (right) (normalised)
25002-2.0,-101,volume_whole_brain_normalised,cGM,whole-brain,Cortical GMV (normalised)
25004-2.0,-102,volume_whole_brain_normalised,vCSF,whole-brain,ventricular CSFV (normalised)
25006-2.0,-103,volume_whole_brain_normalised,GM,whole-brain,GMV (normalised)
25008-2.0,-104,volume_whole_brain_normalised,WM,whole-brain,WMV (normalised)
25010-2.0,-105,volume_whole_brain_normalised,BV,whole-brain,Brain Volume (normalised)
25781-2.0,-1,volume_whole_brain_normalised,WMH,whole-brain,WMHV (from T1 and T2_FLAIR images) (normalised)
cognition_factors,-1,cognition,EF,cognition,Executive function
cognition_factors,-2,cognition,MEM,cognition,Memory
cognition_factors,-3,cognition,VS,cognition,Visuospatial function
cognition_factors,-4,cognition,RF,cognition,Reasoning function
